name,modelType,num_layer_tensor_ring,useAttention,mse,rmse,mae,r2,mape
QLSTM standard,QLSTM,0,False,0.0458500012755394,0.21412613403211528,0.17012889683246613,0.3979071378707886,40733396.875
QLSTM standard with Attention,QLSTM,0,True,0.018986664712429047,0.137792106858227,0.10707321017980576,0.7506709694862366,17756629.6875
QLSTM Tensor Ring 1 layer,TensorRing,1,False,0.06825365871191025,0.2612540118580196,0.2229207307100296,0.10370689630508423,48124959.375
QLSTM Tensor Ring 1 layer with Attention,TensorRing,1,True,0.013955936767160892,0.11813524777627078,0.08347589522600174,0.8167334794998169,5330064.453125
QLSTM Tensor Ring 2 layers,TensorRing,2,False,0.021254025399684906,0.14578760372433902,0.10232595354318619,0.7208964824676514,22471178.125
QLSTM Tensor Ring 2 layers with Attention,TensorRing,2,True,0.02666039951145649,0.16328012589245663,0.12300935387611389,0.6499010324478149,3236503.515625
