Model,Test MSE,Test MAE,Time (s)
My QGRU (Optimized),0.1470920189124782,0.3417812582196259,22683.266009807587
Paper QGRU,0.1557775287003052,0.3463438316816237,11865.07858991623
Classical GRU,0.1767580132113724,0.375674200130672,6.790384769439697
