Model,Test MSE,Test MAE,Time (s)
My QGRU (Optimized),0.15630390540492245,0.35696120687374255,20431.6502597332
Paper QGRU,0.15231766242806505,0.34231465764162017,9041.439373493195
Classical GRU,0.1738828458346245,0.376851119282769,7.704010009765625
